{"cameraMode":{"drawMode":0,"name":"Shaded","section":"Shading Mode"},"sceneLighting":false,"audioPlay":false,"sceneViewState":{"showFog":true,"showMaterialUpdate":false,"showSkybox":true,"showFlares":true,"showImageEffects":true,"showParticleSystems":true},"in2DMode":false,"pivot":{"x":1.496999979019165,"y":0.6028000116348267,"z":1.2109999656677247},"rotation":{"x":0.13571102917194367,"y":-0.385627418756485,"z":0.05742374807596207,"w":0.9108110070228577},"size":0.14289405941963197,"orthographic":false}