{"cameraMode":{"drawMode":0,"name":"Shaded","section":"Shading Mode"},"sceneLighting":true,"audioPlay":false,"sceneViewState":{"showFog":true,"showMaterialUpdate":false,"showSkybox":true,"showFlares":true,"showImageEffects":true,"showParticleSystems":true},"in2DMode":false,"pivot":{"x":0.0,"y":1.0099997520446778,"z":2.119999885559082},"rotation":{"x":-0.11155100911855698,"y":0.045295245945453647,"z":-0.005057737696915865,"w":-0.9927130341529846},"size":4.0416579246521,"orthographic":true}