{"cameraMode":{"drawMode":0,"name":"Shaded","section":"Shading Mode"},"sceneLighting":false,"audioPlay":false,"sceneViewState":{"showFog":true,"showMaterialUpdate":false,"showSkybox":true,"showFlares":true,"showImageEffects":true,"showParticleSystems":true},"in2DMode":false,"pivot":{"x":357.41162109375,"y":217.1210479736328,"z":367.1761474609375},"rotation":{"x":-0.11155100911855698,"y":0.045295245945453647,"z":-0.005057737696915865,"w":-0.9927130341529846},"size":1833.0906982421875,"orthographic":true}